﻿Designator,Footprint,Quantity,Value,LCSC Part #
"3.3V1, CSB1, GND1, MISO1, MOSI1, SCX1, TP1",TestPoint_Pad_D1.5mm,7,TestPoint,
"C1, C14, C4",0201,3,4.7uF,
C10,0201,1,10nF,
"C11, C12",0201,2,1uF,
C13,0201,1,100n,
"C15, C2",0201,2,0.1uF,
"C3, C5, C6",0201,3,10uF,
"C7, C8, C9",0201,3,100nF,
D1,0603,1,LED,
D2,19-237&slash_R6GHBHC-C01&slash_2T,1,EAST1616RGBA3,
FB1,0201,1,120R,
J1,JST_PH_S2B-PH-SM4-TB_1x02-1MP_P2.00mm_Horizontal,1,Conn_01x02,
J3,JST_PH_B2B-PH-K_1x02_P2.00mm_Vertical,1,Conn_01x02,
J4,JST_PH_B6B-PH-K_1x06_P2.00mm_Vertical,1,Conn_01x06,
J5,USB_Micro-B_Amphenol_10103594-0001LF_Horizontal,1,USB_B_Micro,
L1,0201,1,4.7uH,
R1,0201,1,100,
R2,0201,1,2k,
R3,0201,1,470,
R4,0201,1,78,
"R5, R6",0201,2,112,
S1,SW_EVQ-P7A01P,1,EVQ-P7A01P,
U1,VREG_V62_16624-01YE,1,TPS63001,
U2,SOT95P280X145-5N,1,MCP73831T-2ACI_OT,MCP73831T-2ACI/OT
U3,XDCR_BMI270,1,BMI323,
U4,ST-SiP-LGA-86-11x7.3mm,1,STM32WB5MMG,
